coin,time_utc,funding_rate,funding_rate_pct,funding_8h_pct,funding_ann_pct,premium
AAVE,2026-05-04 00:00:00,2.18884e-05,0.002189,0.017511,19.17,0.0006751071
AAVE,2026-05-04 01:00:00,1.25e-05,0.00125,0.01,10.95,0.0004989693
AAVE,2026-05-04 02:00:00,1.25e-05,0.00125,0.01,10.95,0.0005678389
AAVE,2026-05-04 03:00:00,1.25e-05,0.00125,0.01,10.95,0.0003847226
AAVE,2026-05-04 04:00:00,1.25e-05,0.00125,0.01,10.95,0.0003745111
AAVE,2026-05-04 05:00:00,1.25e-05,0.00125,0.01,10.95,0.0001975639
AAVE,2026-05-04 06:00:00,1.25e-05,0.00125,0.01,10.95,2.44829e-05
AAVE,2026-05-04 07:00:00,1.25e-05,0.00125,0.01,10.95,-0.0001530195
AAVE,2026-05-04 08:00:00,1.25e-05,0.00125,0.01,10.95,-0.0001419779
AAVE,2026-05-04 09:00:00,1.25e-05,0.00125,0.01,10.95,-0.0002937663
AAVE,2026-05-04 10:00:00,1.25e-05,0.00125,0.01,10.95,-0.00025931
AAVE,2026-05-04 11:00:00,1.25e-05,0.00125,0.01,10.95,-0.0001062012
AAVE,2026-05-04 12:00:00,1.25e-05,0.00125,0.01,10.95,-0.0001883086
AAVE,2026-05-04 13:00:00,1.25e-05,0.00125,0.01,10.95,-0.0002236564
AAVE,2026-05-04 14:00:00,1.25e-05,0.00125,0.01,10.95,-0.0002660782
AAVE,2026-05-04 15:00:00,1.25e-05,0.00125,0.01,10.95,-0.0001735199
AAVE,2026-05-04 16:00:00,1.25e-05,0.00125,0.01,10.95,-0.0001572095
AAVE,2026-05-04 17:00:00,1.25e-05,0.00125,0.01,10.95,-0.0001327496
AAVE,2026-05-04 18:00:00,1.25e-05,0.00125,0.01,10.95,-2.98361e-05
AAVE,2026-05-04 19:00:00,1.25e-05,0.00125,0.01,10.95,-0.0001012322
AAVE,2026-05-04 20:00:00,1.25e-05,0.00125,0.01,10.95,-8.93384e-05
AAVE,2026-05-04 21:00:00,1.25e-05,0.00125,0.01,10.95,-0.000103321
AAVE,2026-05-04 22:00:00,1.25e-05,0.00125,0.01,10.95,-4.3435e-06
AAVE,2026-05-04 23:00:00,1.25e-05,0.00125,0.01,10.95,-2.60379e-05
AAVE,2026-05-05 00:00:00,1.25e-05,0.00125,0.01,10.95,-0.0001087489
AAVE,2026-05-05 01:00:00,1.25e-05,0.00125,0.01,10.95,-4.84848e-05
AAVE,2026-05-05 02:00:00,1.25e-05,0.00125,0.01,10.95,-3.84364e-05
AAVE,2026-05-05 03:00:00,1.25e-05,0.00125,0.01,10.95,-8.95275e-05
AAVE,2026-05-05 04:00:00,1.25e-05,0.00125,0.01,10.95,-6.5064e-06
AAVE,2026-05-05 05:00:00,1.25e-05,0.00125,0.01,10.95,-6.42758e-05
AAVE,2026-05-05 06:00:00,1.25e-05,0.00125,0.01,10.95,-2.22334e-05
AAVE,2026-05-05 07:00:00,1.25e-05,0.00125,0.01,10.95,-7.77628e-05
AAVE,2026-05-05 08:00:00,1.25e-05,0.00125,0.01,10.95,-4.71471e-05
AAVE,2026-05-05 09:00:00,1.25e-05,0.00125,0.01,10.95,-0.0002239325
AAVE,2026-05-05 10:00:00,1.25e-05,0.00125,0.01,10.95,-0.0001520186
AAVE,2026-05-05 11:00:00,1.25e-05,0.00125,0.01,10.95,-4.14993e-05
AAVE,2026-05-05 12:00:00,1.25e-05,0.00125,0.01,10.95,-1.54415e-05
AAVE,2026-05-05 13:00:00,1.25e-05,0.00125,0.01,10.95,-1.7786e-06
AAVE,2026-05-05 14:00:00,1.25e-05,0.00125,0.01,10.95,-7.28072e-05
AAVE,2026-05-05 15:00:00,1.25e-05,0.00125,0.01,10.95,-8.3918e-05
AAVE,2026-05-05 16:00:00,1.25e-05,0.00125,0.01,10.95,-2.8416e-05
ASTER,2026-05-04 00:00:00,1.25e-05,0.00125,0.01,10.95,-5.4275e-06
ASTER,2026-05-04 01:00:00,1.25e-05,0.00125,0.01,10.95,-1.29726e-05
ASTER,2026-05-04 02:00:00,1.25e-05,0.00125,0.01,10.95,1.8548e-05
ASTER,2026-05-04 03:00:00,1.25e-05,0.00125,0.01,10.95,3.30716e-05
ASTER,2026-05-04 04:00:00,1.25e-05,0.00125,0.01,10.95,0.0001222612
ASTER,2026-05-04 05:00:00,1.25e-05,0.00125,0.01,10.95,0.000218652
ASTER,2026-05-04 06:00:00,1.25e-05,0.00125,0.01,10.95,0.0002741692
ASTER,2026-05-04 07:00:00,1.25e-05,0.00125,0.01,10.95,0.000144334
ASTER,2026-05-04 08:00:00,1.25e-05,0.00125,0.01,10.95,7.11643e-05
ASTER,2026-05-04 09:00:00,1.25e-05,0.00125,0.01,10.95,5.47349e-05
ASTER,2026-05-04 10:00:00,1.25e-05,0.00125,0.01,10.95,0.000100165
ASTER,2026-05-04 11:00:00,1.25e-05,0.00125,0.01,10.95,-3.5733e-06
ASTER,2026-05-04 12:00:00,1.25e-05,0.00125,0.01,10.95,1.15167e-05
ASTER,2026-05-04 13:00:00,1.25e-05,0.00125,0.01,10.95,-1.21514e-05
ASTER,2026-05-04 14:00:00,1.25e-05,0.00125,0.01,10.95,-6.89595e-05
ASTER,2026-05-04 15:00:00,1.25e-05,0.00125,0.01,10.95,-2.62731e-05
ASTER,2026-05-04 16:00:00,1.25e-05,0.00125,0.01,10.95,-2.90236e-05
ASTER,2026-05-04 17:00:00,1.25e-05,0.00125,0.01,10.95,-6.66475e-05
ASTER,2026-05-04 18:00:00,1.25e-05,0.00125,0.01,10.95,-1.90106e-05
ASTER,2026-05-04 19:00:00,1.25e-05,0.00125,0.01,10.95,-2.97175e-05
ASTER,2026-05-04 20:00:00,1.25e-05,0.00125,0.01,10.95,-1.70326e-05
ASTER,2026-05-04 21:00:00,1.25e-05,0.00125,0.01,10.95,-1.51514e-05
ASTER,2026-05-04 22:00:00,1.25e-05,0.00125,0.01,10.95,-5.677e-06
ASTER,2026-05-04 23:00:00,1.25e-05,0.00125,0.01,10.95,5.86e-08
ASTER,2026-05-05 00:00:00,1.25e-05,0.00125,0.01,10.95,1.33931e-05
ASTER,2026-05-05 01:00:00,1.25e-05,0.00125,0.01,10.95,-1.13676e-05
ASTER,2026-05-05 02:00:00,1.25e-05,0.00125,0.01,10.95,9.1332e-06
ASTER,2026-05-05 03:00:00,1.25e-05,0.00125,0.01,10.95,0.0002888941
ASTER,2026-05-05 04:00:00,1.25e-05,0.00125,0.01,10.95,0.0002009876
ASTER,2026-05-05 05:00:00,1.25e-05,0.00125,0.01,10.95,0.000125504
ASTER,2026-05-05 06:00:00,1.25e-05,0.00125,0.01,10.95,0.0002350885
ASTER,2026-05-05 07:00:00,1.25e-05,0.00125,0.01,10.95,0.0002483082
ASTER,2026-05-05 08:00:00,1.25e-05,0.00125,0.01,10.95,0.000226338
ASTER,2026-05-05 09:00:00,1.25e-05,0.00125,0.01,10.95,0.0001889685
ASTER,2026-05-05 10:00:00,1.25e-05,0.00125,0.01,10.95,0.0001618567
ASTER,2026-05-05 11:00:00,1.25e-05,0.00125,0.01,10.95,0.0002592011
ASTER,2026-05-05 12:00:00,1.25e-05,0.00125,0.01,10.95,0.0001098448
ASTER,2026-05-05 13:00:00,1.25e-05,0.00125,0.01,10.95,0.0001291641
ASTER,2026-05-05 14:00:00,1.25e-05,0.00125,0.01,10.95,0.0002243585
ASTER,2026-05-05 15:00:00,1.25e-05,0.00125,0.01,10.95,0.0001722018
ASTER,2026-05-05 16:00:00,1.25e-05,0.00125,0.01,10.95,0.0002517837
AVAX,2026-05-04 00:00:00,1.25e-05,0.00125,0.01,10.95,0.0003461523
AVAX,2026-05-04 01:00:00,1.25e-05,0.00125,0.01,10.95,1.12507e-05
AVAX,2026-05-04 02:00:00,1.25e-05,0.00125,0.01,10.95,-7.61248e-05
AVAX,2026-05-04 03:00:00,1.25e-05,0.00125,0.01,10.95,2.7298e-05
AVAX,2026-05-04 04:00:00,1.25e-05,0.00125,0.01,10.95,0.0001809437
AVAX,2026-05-04 05:00:00,1.25e-05,0.00125,0.01,10.95,0.0003837274
AVAX,2026-05-04 06:00:00,1.25e-05,0.00125,0.01,10.95,0.0002557108
AVAX,2026-05-04 07:00:00,1.25e-05,0.00125,0.01,10.95,4.56069e-05
AVAX,2026-05-04 08:00:00,1.25e-05,0.00125,0.01,10.95,6.09804e-05
AVAX,2026-05-04 09:00:00,1.25e-05,0.00125,0.01,10.95,0.0002001698
AVAX,2026-05-04 10:00:00,1.25e-05,0.00125,0.01,10.95,0.0002578584
AVAX,2026-05-04 11:00:00,1.25e-05,0.00125,0.01,10.95,0.0001148005
AVAX,2026-05-04 12:00:00,1.25e-05,0.00125,0.01,10.95,0.0001248722
AVAX,2026-05-04 13:00:00,1.25e-05,0.00125,0.01,10.95,9.16714e-05
AVAX,2026-05-04 14:00:00,1.25e-05,0.00125,0.01,10.95,9.513e-05
AVAX,2026-05-04 15:00:00,1.25e-05,0.00125,0.01,10.95,0.0002075478
AVAX,2026-05-04 16:00:00,1.25e-05,0.00125,0.01,10.95,0.0001188553
AVAX,2026-05-04 17:00:00,1.25e-05,0.00125,0.01,10.95,-5.51885e-05
AVAX,2026-05-04 18:00:00,1.25e-05,0.00125,0.01,10.95,1.173e-06
AVAX,2026-05-04 19:00:00,1.25e-05,0.00125,0.01,10.95,0.0001011387
AVAX,2026-05-04 20:00:00,1.25e-05,0.00125,0.01,10.95,0.0002667253
AVAX,2026-05-04 21:00:00,1.25e-05,0.00125,0.01,10.95,-6.5365e-06
AVAX,2026-05-04 22:00:00,1.25e-05,0.00125,0.01,10.95,-0.0001854782
AVAX,2026-05-04 23:00:00,1.25e-05,0.00125,0.01,10.95,8.10209e-05
AVAX,2026-05-05 00:00:00,1.25e-05,0.00125,0.01,10.95,0.0001605791
AVAX,2026-05-05 01:00:00,1.25e-05,0.00125,0.01,10.95,0.0001170775
AVAX,2026-05-05 02:00:00,1.25e-05,0.00125,0.01,10.95,8.2787e-06
AVAX,2026-05-05 03:00:00,1.25e-05,0.00125,0.01,10.95,-4.2837e-06
AVAX,2026-05-05 04:00:00,1.25e-05,0.00125,0.01,10.95,5.30086e-05
AVAX,2026-05-05 05:00:00,1.25e-05,0.00125,0.01,10.95,7.2319e-06
AVAX,2026-05-05 06:00:00,1.25e-05,0.00125,0.01,10.95,2.52684e-05
AVAX,2026-05-05 07:00:00,1.25e-05,0.00125,0.01,10.95,9.91121e-05
AVAX,2026-05-05 08:00:00,1.25e-05,0.00125,0.01,10.95,0.0003152046
AVAX,2026-05-05 09:00:00,1.25e-05,0.00125,0.01,10.95,0.000464302
AVAX,2026-05-05 10:00:00,2.05036e-05,0.00205,0.016403,17.96,0.0006640285
AVAX,2026-05-05 11:00:00,1.25e-05,0.00125,0.01,10.95,0.0004606528
AVAX,2026-05-05 12:00:00,1.25e-05,0.00125,0.01,10.95,0.0001812596
AVAX,2026-05-05 13:00:00,1.25e-05,0.00125,0.01,10.95,0.0001115784
AVAX,2026-05-05 14:00:00,1.25e-05,0.00125,0.01,10.95,0.0004912125
AVAX,2026-05-05 15:00:00,1.25e-05,0.00125,0.01,10.95,0.0004923611
AVAX,2026-05-05 16:00:00,1.25e-05,0.00125,0.01,10.95,0.0003977119
BTC,2026-05-04 00:00:00,-1.5458e-06,-0.000155,-0.001237,-1.35,-0.0005123661
BTC,2026-05-04 01:00:00,2.6322e-06,0.000263,0.002106,2.31,-0.0004789424
BTC,2026-05-04 02:00:00,5.354e-06,0.000535,0.004283,4.69,-0.0004571679
BTC,2026-05-04 03:00:00,2.4323e-06,0.000243,0.001946,2.13,-0.0004805416
BTC,2026-05-04 04:00:00,-1.85e-06,-0.000185,-0.00148,-1.62,-0.0005148002
BTC,2026-05-04 05:00:00,-1.01708e-05,-0.001017,-0.008137,-8.91,-0.0005813664
BTC,2026-05-04 06:00:00,-8.1725e-06,-0.000817,-0.006538,-7.16,-0.0005653796
BTC,2026-05-04 07:00:00,-8.4629e-06,-0.000846,-0.00677,-7.41,-0.000567703
BTC,2026-05-04 08:00:00,-7.121e-07,-7.1e-05,-0.00057,-0.62,-0.0005056972
BTC,2026-05-04 09:00:00,2.9908e-06,0.000299,0.002393,2.62,-0.0004760735
BTC,2026-05-04 10:00:00,3.1452e-06,0.000315,0.002516,2.76,-0.0004748381
BTC,2026-05-04 11:00:00,4.7913e-06,0.000479,0.003833,4.2,-0.0004616694
BTC,2026-05-04 12:00:00,3.137e-06,0.000314,0.00251,2.75,-0.0004749041
BTC,2026-05-04 13:00:00,6.4108e-06,0.000641,0.005129,5.62,-0.0004487133
BTC,2026-05-04 14:00:00,2.8133e-06,0.000281,0.002251,2.46,-0.0004774937
BTC,2026-05-04 15:00:00,3.3074e-06,0.000331,0.002646,2.9,-0.0004735407
BTC,2026-05-04 16:00:00,-7.4756e-06,-0.000748,-0.00598,-6.55,-0.0005598044
BTC,2026-05-04 17:00:00,-8.6374e-06,-0.000864,-0.00691,-7.57,-0.0005690995
BTC,2026-05-04 18:00:00,-1.4091e-05,-0.001409,-0.011273,-12.34,-0.0006127278
BTC,2026-05-04 19:00:00,-1.55014e-05,-0.00155,-0.012401,-13.58,-0.0006240114
BTC,2026-05-04 20:00:00,-9.1766e-06,-0.000918,-0.007341,-8.04,-0.0005734125
BTC,2026-05-04 21:00:00,-1.67224e-05,-0.001672,-0.013378,-14.65,-0.0006337793
BTC,2026-05-04 22:00:00,-5.3649e-06,-0.000536,-0.004292,-4.7,-0.0005429188
BTC,2026-05-04 23:00:00,-6.8027e-06,-0.00068,-0.005442,-5.96,-0.0005544214
BTC,2026-05-05 00:00:00,-1.32818e-05,-0.001328,-0.010625,-11.63,-0.0006062541
BTC,2026-05-05 01:00:00,-9.071e-06,-0.000907,-0.007257,-7.95,-0.0005725678
BTC,2026-05-05 02:00:00,-3.7253e-06,-0.000373,-0.00298,-3.26,-0.0005298028
BTC,2026-05-05 03:00:00,-3.9228e-06,-0.000392,-0.003138,-3.44,-0.0005313826
BTC,2026-05-05 04:00:00,-6.521e-07,-6.5e-05,-0.000522,-0.57,-0.0005052165
BTC,2026-05-05 05:00:00,1.7407e-06,0.000174,0.001393,1.52,-0.0004860748
BTC,2026-05-05 06:00:00,2.5697e-06,0.000257,0.002056,2.25,-0.0004794427
BTC,2026-05-05 07:00:00,-6.1987e-06,-0.00062,-0.004959,-5.43,-0.0005495894
BTC,2026-05-05 08:00:00,7.4186e-06,0.000742,0.005935,6.5,-0.0004406515
BTC,2026-05-05 09:00:00,5.2941e-06,0.000529,0.004235,4.64,-0.0004576468
BTC,2026-05-05 10:00:00,7.8924e-06,0.000789,0.006314,6.91,-0.0004368607
BTC,2026-05-05 11:00:00,1.25e-05,0.00125,0.01,10.95,-0.0003657294
BTC,2026-05-05 12:00:00,1.25e-05,0.00125,0.01,10.95,-0.0003682697
BTC,2026-05-05 13:00:00,1.25e-05,0.00125,0.01,10.95,-0.0003892674
BTC,2026-05-05 14:00:00,1.25e-05,0.00125,0.01,10.95,-0.0003750067
BTC,2026-05-05 15:00:00,7.8288e-06,0.000783,0.006263,6.86,-0.0004373692
BTC,2026-05-05 16:00:00,6.6353e-06,0.000664,0.005308,5.81,-0.0004469175
DOGE,2026-05-04 00:00:00,1.25e-05,0.00125,0.01,10.95,-4.74789e-05
DOGE,2026-05-04 01:00:00,1.25e-05,0.00125,0.01,10.95,-0.0001166969
DOGE,2026-05-04 02:00:00,1.25e-05,0.00125,0.01,10.95,5.84701e-05
DOGE,2026-05-04 03:00:00,1.25e-05,0.00125,0.01,10.95,0.000425227
DOGE,2026-05-04 04:00:00,1.25e-05,0.00125,0.01,10.95,0.0003975427
DOGE,2026-05-04 05:00:00,1.25e-05,0.00125,0.01,10.95,0.0004281382
DOGE,2026-05-04 06:00:00,1.25e-05,0.00125,0.01,10.95,0.0002929847
DOGE,2026-05-04 07:00:00,1.25e-05,0.00125,0.01,10.95,0.0001526284
DOGE,2026-05-04 08:00:00,1.25e-05,0.00125,0.01,10.95,0.0002017823
DOGE,2026-05-04 09:00:00,1.25e-05,0.00125,0.01,10.95,5.23575e-05
DOGE,2026-05-04 10:00:00,1.25e-05,0.00125,0.01,10.95,4.76934e-05
DOGE,2026-05-04 11:00:00,1.25e-05,0.00125,0.01,10.95,-0.0001007718
DOGE,2026-05-04 12:00:00,1.25e-05,0.00125,0.01,10.95,-0.0001736288
DOGE,2026-05-04 13:00:00,1.25e-05,0.00125,0.01,10.95,-0.0001327753
DOGE,2026-05-04 14:00:00,1.25e-05,0.00125,0.01,10.95,-0.0001569708
DOGE,2026-05-04 15:00:00,1.25e-05,0.00125,0.01,10.95,-9.21e-05
DOGE,2026-05-04 16:00:00,1.25e-05,0.00125,0.01,10.95,-8.6487e-05
DOGE,2026-05-04 17:00:00,1.25e-05,0.00125,0.01,10.95,1.46929e-05
DOGE,2026-05-04 18:00:00,1.25e-05,0.00125,0.01,10.95,0.0001484014
DOGE,2026-05-04 19:00:00,1.25e-05,0.00125,0.01,10.95,4.80829e-05
DOGE,2026-05-04 20:00:00,1.25e-05,0.00125,0.01,10.95,-1.3961e-06
DOGE,2026-05-04 21:00:00,1.25e-05,0.00125,0.01,10.95,2.6481e-06
DOGE,2026-05-04 22:00:00,1.25e-05,0.00125,0.01,10.95,3.77883e-05
DOGE,2026-05-04 23:00:00,1.25e-05,0.00125,0.01,10.95,4.1777e-06
DOGE,2026-05-05 00:00:00,1.25e-05,0.00125,0.01,10.95,-0.0001245776
DOGE,2026-05-05 01:00:00,1.25e-05,0.00125,0.01,10.95,-0.0001882916
DOGE,2026-05-05 02:00:00,1.25e-05,0.00125,0.01,10.95,-0.0001693909
DOGE,2026-05-05 03:00:00,1.25e-05,0.00125,0.01,10.95,-0.0001250303
DOGE,2026-05-05 04:00:00,1.25e-05,0.00125,0.01,10.95,-0.0001566873
DOGE,2026-05-05 05:00:00,1.25e-05,0.00125,0.01,10.95,-1.77472e-05
DOGE,2026-05-05 06:00:00,1.25e-05,0.00125,0.01,10.95,-2.5695e-05
DOGE,2026-05-05 07:00:00,1.25e-05,0.00125,0.01,10.95,-3.25033e-05
DOGE,2026-05-05 08:00:00,1.25e-05,0.00125,0.01,10.95,8.6753e-06
DOGE,2026-05-05 09:00:00,1.25e-05,0.00125,0.01,10.95,3.5087e-06
DOGE,2026-05-05 10:00:00,1.25e-05,0.00125,0.01,10.95,-4.30446e-05
DOGE,2026-05-05 11:00:00,1.25e-05,0.00125,0.01,10.95,1.38251e-05
DOGE,2026-05-05 12:00:00,1.25e-05,0.00125,0.01,10.95,-4.19001e-05
DOGE,2026-05-05 13:00:00,1.25e-05,0.00125,0.01,10.95,6.16922e-05
DOGE,2026-05-05 14:00:00,1.25e-05,0.00125,0.01,10.95,0.0001266764
DOGE,2026-05-05 15:00:00,1.25e-05,0.00125,0.01,10.95,-9.36305e-05
DOGE,2026-05-05 16:00:00,1.25e-05,0.00125,0.01,10.95,-9.44659e-05
ETH,2026-05-04 00:00:00,1.25e-05,0.00125,0.01,10.95,-0.0003959523
ETH,2026-05-04 01:00:00,1.25e-05,0.00125,0.01,10.95,-0.0003879388
ETH,2026-05-04 02:00:00,1.25e-05,0.00125,0.01,10.95,-0.0003678547
ETH,2026-05-04 03:00:00,8.8617e-06,0.000886,0.007089,7.76,-0.0004291061
ETH,2026-05-04 04:00:00,5.0868e-06,0.000509,0.004069,4.46,-0.0004593058
ETH,2026-05-04 05:00:00,8.0392e-06,0.000804,0.006431,7.04,-0.0004356862
ETH,2026-05-04 06:00:00,4.2586e-06,0.000426,0.003407,3.73,-0.0004659312
ETH,2026-05-04 07:00:00,6.7311e-06,0.000673,0.005385,5.9,-0.0004461512
ETH,2026-05-04 08:00:00,9.6189e-06,0.000962,0.007695,8.43,-0.0004230489
ETH,2026-05-04 09:00:00,1.1599e-05,0.00116,0.009279,10.16,-0.0004072081
ETH,2026-05-04 10:00:00,1.25e-05,0.00125,0.01,10.95,-0.0003637947
ETH,2026-05-04 11:00:00,1.19317e-05,0.001193,0.009545,10.45,-0.0004045461
ETH,2026-05-04 12:00:00,4.3265e-06,0.000433,0.003461,3.79,-0.0004653881
ETH,2026-05-04 13:00:00,3.1638e-06,0.000316,0.002531,2.77,-0.0004746897
ETH,2026-05-04 14:00:00,5.8611e-06,0.000586,0.004689,5.13,-0.0004531114
ETH,2026-05-04 15:00:00,7.6422e-06,0.000764,0.006114,6.69,-0.0004388622
ETH,2026-05-04 16:00:00,5.029e-06,0.000503,0.004023,4.41,-0.0004597679
ETH,2026-05-04 17:00:00,2.8969e-06,0.00029,0.002318,2.54,-0.0004768244
ETH,2026-05-04 18:00:00,1.4165e-06,0.000142,0.001133,1.24,-0.0004886681
ETH,2026-05-04 19:00:00,-1.0247e-06,-0.000102,-0.00082,-0.9,-0.0005081974
ETH,2026-05-04 20:00:00,6.4558e-06,0.000646,0.005165,5.66,-0.0004483538
ETH,2026-05-04 21:00:00,3.1951e-06,0.00032,0.002556,2.8,-0.0004744389
ETH,2026-05-04 22:00:00,2.1975e-06,0.00022,0.001758,1.93,-0.0004824196
ETH,2026-05-04 23:00:00,-5.339e-07,-5.3e-05,-0.000427,-0.47,-0.0005042714
ETH,2026-05-05 00:00:00,-8.582e-07,-8.6e-05,-0.000687,-0.75,-0.0005068657
ETH,2026-05-05 01:00:00,9.13e-08,9e-06,7.3e-05,0.08,-0.0004992698
ETH,2026-05-05 02:00:00,5.6156e-06,0.000562,0.004492,4.92,-0.000455075
ETH,2026-05-05 03:00:00,9.1407e-06,0.000914,0.007313,8.01,-0.0004268744
ETH,2026-05-05 04:00:00,1.24524e-05,0.001245,0.009962,10.91,-0.0004003812
ETH,2026-05-05 05:00:00,2.754e-06,0.000275,0.002203,2.41,-0.0004779681
ETH,2026-05-05 06:00:00,3.9151e-06,0.000392,0.003132,3.43,-0.0004686794
ETH,2026-05-05 07:00:00,6.0166e-06,0.000602,0.004813,5.27,-0.0004518676
ETH,2026-05-05 08:00:00,7.3442e-06,0.000734,0.005875,6.43,-0.000441246
ETH,2026-05-05 09:00:00,-1.3806e-06,-0.000138,-0.001104,-1.21,-0.0005110445
ETH,2026-05-05 10:00:00,2.332e-06,0.000233,0.001866,2.04,-0.0004813442
ETH,2026-05-05 11:00:00,6.4614e-06,0.000646,0.005169,5.66,-0.0004483086
ETH,2026-05-05 12:00:00,1.11515e-05,0.001115,0.008921,9.77,-0.0004107878
ETH,2026-05-05 13:00:00,1.25e-05,0.00125,0.01,10.95,-0.0003697724
ETH,2026-05-05 14:00:00,1.25e-05,0.00125,0.01,10.95,-0.0003325697
ETH,2026-05-05 15:00:00,4.77e-08,5e-06,3.8e-05,0.04,-0.0004996187
ETH,2026-05-05 16:00:00,8.2419e-06,0.000824,0.006594,7.22,-0.0004340646
FARTCOIN,2026-05-04 00:00:00,2.89661e-05,0.002897,0.023173,25.37,0.0007317287
FARTCOIN,2026-05-04 01:00:00,1.5588e-05,0.001559,0.01247,13.66,0.0006247037
FARTCOIN,2026-05-04 02:00:00,2.33277e-05,0.002333,0.018662,20.44,0.0006866214
FARTCOIN,2026-05-04 03:00:00,9.15983e-05,0.00916,0.073279,80.24,0.0012327866
FARTCOIN,2026-05-04 04:00:00,8.01715e-05,0.008017,0.064137,70.23,0.0011413721
FARTCOIN,2026-05-04 05:00:00,6.86446e-05,0.006864,0.054916,60.13,0.0010491569
FARTCOIN,2026-05-04 06:00:00,3.15233e-05,0.003152,0.025219,27.61,0.0007521865
FARTCOIN,2026-05-04 07:00:00,4.60711e-05,0.004607,0.036857,40.36,0.0008685688
FARTCOIN,2026-05-04 08:00:00,5.40558e-05,0.005406,0.043245,47.35,0.0009324467
FARTCOIN,2026-05-04 09:00:00,3.90632e-05,0.003906,0.031251,34.22,0.000812506
FARTCOIN,2026-05-04 10:00:00,3.33617e-05,0.003336,0.026689,29.22,0.0007668937
FARTCOIN,2026-05-04 11:00:00,4.79631e-05,0.004796,0.03837,42.02,0.0008837051
FARTCOIN,2026-05-04 12:00:00,4.4565e-05,0.004456,0.035652,39.04,0.0008565196
FARTCOIN,2026-05-04 13:00:00,1.25e-05,0.00125,0.01,10.95,0.000579892
FARTCOIN,2026-05-04 14:00:00,4.3438e-05,0.004344,0.03475,38.05,0.000847504
FARTCOIN,2026-05-04 15:00:00,6.29329e-05,0.006293,0.050346,55.13,0.0010034634
FARTCOIN,2026-05-04 16:00:00,1.25e-05,0.00125,0.01,10.95,0.0004358108
FARTCOIN,2026-05-04 17:00:00,1.25e-05,0.00125,0.01,10.95,0.000183739
FARTCOIN,2026-05-04 18:00:00,1.25e-05,0.00125,0.01,10.95,0.0002742527
FARTCOIN,2026-05-04 19:00:00,1.25e-05,0.00125,0.01,10.95,0.0004643603
FARTCOIN,2026-05-04 20:00:00,1.4344e-05,0.001434,0.011475,12.57,0.0006147524
FARTCOIN,2026-05-04 21:00:00,1.25e-05,0.00125,0.01,10.95,0.0003573196
FARTCOIN,2026-05-04 22:00:00,1.25e-05,0.00125,0.01,10.95,0.0003772575
FARTCOIN,2026-05-04 23:00:00,5.24624e-05,0.005246,0.04197,45.96,0.000919699
FARTCOIN,2026-05-05 00:00:00,2.55918e-05,0.002559,0.020473,22.42,0.0007047342
FARTCOIN,2026-05-05 01:00:00,1.25e-05,0.00125,0.01,10.95,0.0004238079
FARTCOIN,2026-05-05 02:00:00,3.60626e-05,0.003606,0.02885,31.59,0.0007885008
FARTCOIN,2026-05-05 03:00:00,1.94858e-05,0.001949,0.015589,17.07,0.0006558863
FARTCOIN,2026-05-05 04:00:00,3.02644e-05,0.003026,0.024212,26.51,0.0007421149
FARTCOIN,2026-05-05 05:00:00,1.25e-05,0.00125,0.01,10.95,0.0005892317
FARTCOIN,2026-05-05 06:00:00,1.25e-05,0.00125,0.01,10.95,0.0005471923
FARTCOIN,2026-05-05 07:00:00,1.25e-05,0.00125,0.01,10.95,0.0005144697
FARTCOIN,2026-05-05 08:00:00,3.02033e-05,0.00302,0.024163,26.46,0.0007416267
FARTCOIN,2026-05-05 09:00:00,4.83803e-05,0.004838,0.038704,42.38,0.0008870422
FARTCOIN,2026-05-05 10:00:00,2.01091e-05,0.002011,0.016087,17.62,0.0006608731
FARTCOIN,2026-05-05 11:00:00,4.42477e-05,0.004425,0.035398,38.76,0.0008539818
FARTCOIN,2026-05-05 12:00:00,6.9026e-05,0.006903,0.055221,60.47,0.0010522081
FARTCOIN,2026-05-05 13:00:00,3.55431e-05,0.003554,0.028434,31.14,0.0007843451
FARTCOIN,2026-05-05 14:00:00,1.25e-05,0.00125,0.01,10.95,0.000581488
FARTCOIN,2026-05-05 15:00:00,1.25e-05,0.00125,0.01,10.95,0.0004106283
FARTCOIN,2026-05-05 16:00:00,2.74503e-05,0.002745,0.02196,24.05,0.0007196027
SOL,2026-05-04 00:00:00,2.3321e-06,0.000233,0.001866,2.04,-0.000481343
SOL,2026-05-04 01:00:00,-9.407e-07,-9.4e-05,-0.000753,-0.82,-0.0005075254
SOL,2026-05-04 02:00:00,-1.4904e-06,-0.000149,-0.001192,-1.31,-0.0005119233
SOL,2026-05-04 03:00:00,7.3475e-06,0.000735,0.005878,6.44,-0.00044122
SOL,2026-05-04 04:00:00,2.1564e-06,0.000216,0.001725,1.89,-0.0004827492
SOL,2026-05-04 05:00:00,1.14465e-05,0.001145,0.009157,10.03,-0.0004084282
SOL,2026-05-04 06:00:00,7.5604e-06,0.000756,0.006048,6.62,-0.0004395169
SOL,2026-05-04 07:00:00,-7.488e-07,-7.5e-05,-0.000599,-0.66,-0.00050599
SOL,2026-05-04 08:00:00,-5.1179e-06,-0.000512,-0.004094,-4.48,-0.0005409431
SOL,2026-05-04 09:00:00,-1.17243e-05,-0.001172,-0.009379,-10.27,-0.0005937946
SOL,2026-05-04 10:00:00,2.2471e-06,0.000225,0.001798,1.97,-0.0004820233
SOL,2026-05-04 11:00:00,-1.212e-07,-1.2e-05,-9.7e-05,-0.11,-0.0005009694
SOL,2026-05-04 12:00:00,-6.9503e-06,-0.000695,-0.00556,-6.09,-0.0005556026
SOL,2026-05-04 13:00:00,2.4113e-06,0.000241,0.001929,2.11,-0.0004807095
SOL,2026-05-04 14:00:00,2.2693e-06,0.000227,0.001815,1.99,-0.0004818454
SOL,2026-05-04 15:00:00,2.1908e-06,0.000219,0.001753,1.92,-0.0004824739
SOL,2026-05-04 16:00:00,4.0827e-06,0.000408,0.003266,3.58,-0.0004673383
SOL,2026-05-04 17:00:00,2.7681e-06,0.000277,0.002214,2.42,-0.0004778548
SOL,2026-05-04 18:00:00,5.8665e-06,0.000587,0.004693,5.14,-0.0004530677
SOL,2026-05-04 19:00:00,4.6935e-06,0.000469,0.003755,4.11,-0.0004624522
SOL,2026-05-04 20:00:00,1.25e-05,0.00125,0.01,10.95,-0.0003890477
SOL,2026-05-04 21:00:00,1.25e-05,0.00125,0.01,10.95,-0.0003828581
SOL,2026-05-04 22:00:00,6.7888e-06,0.000679,0.005431,5.95,-0.0004456894
SOL,2026-05-04 23:00:00,-8.029e-07,-8e-05,-0.000642,-0.7,-0.0005064232
SOL,2026-05-05 00:00:00,-6.6298e-06,-0.000663,-0.005304,-5.81,-0.0005530381
SOL,2026-05-05 01:00:00,-9.5151e-06,-0.000952,-0.007612,-8.34,-0.0005761209
SOL,2026-05-05 02:00:00,-1.42464e-05,-0.001425,-0.011397,-12.48,-0.000613971
SOL,2026-05-05 03:00:00,-7.139e-06,-0.000714,-0.005711,-6.25,-0.0005571117
SOL,2026-05-05 04:00:00,4.292e-07,4.3e-05,0.000343,0.38,-0.0004965664
SOL,2026-05-05 05:00:00,5.066e-07,5.1e-05,0.000405,0.44,-0.0004959475
SOL,2026-05-05 06:00:00,1.04407e-05,0.001044,0.008353,9.15,-0.0004164745
SOL,2026-05-05 07:00:00,6.1283e-06,0.000613,0.004903,5.37,-0.0004509735
SOL,2026-05-05 08:00:00,4.8191e-06,0.000482,0.003855,4.22,-0.0004614471
SOL,2026-05-05 09:00:00,3.0353e-06,0.000304,0.002428,2.66,-0.0004757178
SOL,2026-05-05 10:00:00,6.7418e-06,0.000674,0.005393,5.91,-0.000446066
SOL,2026-05-05 11:00:00,9.2899e-06,0.000929,0.007432,8.14,-0.0004256811
SOL,2026-05-05 12:00:00,8.9788e-06,0.000898,0.007183,7.87,-0.0004281698
SOL,2026-05-05 13:00:00,1.25e-05,0.00125,0.01,10.95,-0.0003653445
SOL,2026-05-05 14:00:00,1.25e-05,0.00125,0.01,10.95,-0.0002652724
SOL,2026-05-05 15:00:00,1.349e-06,0.000135,0.001079,1.18,-0.0004892082
SOL,2026-05-05 16:00:00,1.6793e-06,0.000168,0.001343,1.47,-0.0004865652
XRP,2026-05-04 00:00:00,3.6878e-06,0.000369,0.00295,3.23,-0.0004704976
XRP,2026-05-04 01:00:00,3.6419e-06,0.000364,0.002914,3.19,-0.0004708644
XRP,2026-05-04 02:00:00,1.4618e-06,0.000146,0.001169,1.28,-0.0004883058
XRP,2026-05-04 03:00:00,3.3443e-06,0.000334,0.002675,2.93,-0.0004732452
XRP,2026-05-04 04:00:00,1.25e-05,0.00125,0.01,10.95,-0.0003925371
XRP,2026-05-04 05:00:00,1.06763e-05,0.001068,0.008541,9.35,-0.0004145899
XRP,2026-05-04 06:00:00,3.164e-07,3.2e-05,0.000253,0.28,-0.0004974689
XRP,2026-05-04 07:00:00,4.9013e-06,0.00049,0.003921,4.29,-0.0004607899
XRP,2026-05-04 08:00:00,1.0444e-06,0.000104,0.000836,0.91,-0.0004916446
XRP,2026-05-04 09:00:00,1.9227e-06,0.000192,0.001538,1.68,-0.0004846183
XRP,2026-05-04 10:00:00,7.206e-06,0.000721,0.005765,6.31,-0.000442352
XRP,2026-05-04 11:00:00,-1.22234e-05,-0.001222,-0.009779,-10.71,-0.0005977871
XRP,2026-05-04 12:00:00,-1.21772e-05,-0.001218,-0.009742,-10.67,-0.0005974176
XRP,2026-05-04 13:00:00,-7.7962e-06,-0.00078,-0.006237,-6.83,-0.0005623696
XRP,2026-05-04 14:00:00,-9.3372e-06,-0.000934,-0.00747,-8.18,-0.0005746973
XRP,2026-05-04 15:00:00,-4.4093e-06,-0.000441,-0.003527,-3.86,-0.0005352746
XRP,2026-05-04 16:00:00,-9.2768e-06,-0.000928,-0.007421,-8.13,-0.0005742145
XRP,2026-05-04 17:00:00,-1.24972e-05,-0.00125,-0.009998,-10.95,-0.0005999775
XRP,2026-05-04 18:00:00,-7.1241e-06,-0.000712,-0.005699,-6.24,-0.0005569927
XRP,2026-05-04 19:00:00,4.1539e-06,0.000415,0.003323,3.64,-0.0004667692
XRP,2026-05-04 20:00:00,-5.701e-07,-5.7e-05,-0.000456,-0.5,-0.0005045611
XRP,2026-05-04 21:00:00,-3.581e-06,-0.000358,-0.002865,-3.14,-0.0005286476
XRP,2026-05-04 22:00:00,-2.9221e-06,-0.000292,-0.002338,-2.56,-0.0005233765
XRP,2026-05-04 23:00:00,1.768e-07,1.8e-05,0.000141,0.15,-0.0004985859
XRP,2026-05-05 00:00:00,-1.7515e-06,-0.000175,-0.001401,-1.53,-0.000514012
XRP,2026-05-05 01:00:00,4.2668e-06,0.000427,0.003413,3.74,-0.0004658653
XRP,2026-05-05 02:00:00,2.0791e-06,0.000208,0.001663,1.82,-0.0004833669
XRP,2026-05-05 03:00:00,-1.0085e-06,-0.000101,-0.000807,-0.88,-0.000508068
XRP,2026-05-05 04:00:00,4.9824e-06,0.000498,0.003986,4.36,-0.0004601412
XRP,2026-05-05 05:00:00,3.1548e-06,0.000315,0.002524,2.76,-0.0004747613
XRP,2026-05-05 06:00:00,5.1674e-06,0.000517,0.004134,4.53,-0.0004586611
XRP,2026-05-05 07:00:00,2.7699e-06,0.000277,0.002216,2.43,-0.0004778412
XRP,2026-05-05 08:00:00,8.2812e-06,0.000828,0.006625,7.25,-0.0004337506
XRP,2026-05-05 09:00:00,1.25e-05,0.00125,0.01,10.95,-0.0003112425
XRP,2026-05-05 10:00:00,1.25e-05,0.00125,0.01,10.95,-0.0003437461
XRP,2026-05-05 11:00:00,1.25e-05,0.00125,0.01,10.95,-0.0003997899
XRP,2026-05-05 12:00:00,1.25e-05,0.00125,0.01,10.95,-0.0003498134
XRP,2026-05-05 13:00:00,1.25e-05,0.00125,0.01,10.95,-0.000340979
XRP,2026-05-05 14:00:00,1.25e-05,0.00125,0.01,10.95,-0.0003659979
XRP,2026-05-05 15:00:00,4.6001e-06,0.00046,0.00368,4.03,-0.0004631996
XRP,2026-05-05 16:00:00,6.8145e-06,0.000681,0.005452,5.97,-0.000445484
ZEC,2026-05-04 00:00:00,1.25e-05,0.00125,0.01,10.95,-4.22166e-05
ZEC,2026-05-04 01:00:00,1.25e-05,0.00125,0.01,10.95,-0.0002873996
ZEC,2026-05-04 02:00:00,1.25e-05,0.00125,0.01,10.95,-4.37664e-05
ZEC,2026-05-04 03:00:00,1.25e-05,0.00125,0.01,10.95,5.70063e-05
ZEC,2026-05-04 04:00:00,1.25e-05,0.00125,0.01,10.95,0.0002843749
ZEC,2026-05-04 05:00:00,1.25e-05,0.00125,0.01,10.95,0.0003353129
ZEC,2026-05-04 06:00:00,1.25e-05,0.00125,0.01,10.95,0.0001284765
ZEC,2026-05-04 07:00:00,1.25e-05,0.00125,0.01,10.95,0.0003248316
ZEC,2026-05-04 08:00:00,2.33859e-05,0.002339,0.018709,20.49,0.0006870871
ZEC,2026-05-04 09:00:00,3.00259e-05,0.003003,0.024021,26.3,0.0007402074
ZEC,2026-05-04 10:00:00,6.36602e-05,0.006366,0.050928,55.77,0.0010092819
ZEC,2026-05-04 11:00:00,8.18433e-05,0.008184,0.065475,71.69,0.0011547464
ZEC,2026-05-04 12:00:00,3.24351e-05,0.003244,0.025948,28.41,0.0007594811
ZEC,2026-05-04 13:00:00,3.40722e-05,0.003407,0.027258,29.85,0.0007725779
ZEC,2026-05-04 14:00:00,2.50043e-05,0.0025,0.020003,21.9,0.0007000342
ZEC,2026-05-04 15:00:00,4.98073e-05,0.004981,0.039846,43.63,0.0008984582
ZEC,2026-05-04 16:00:00,3.97652e-05,0.003977,0.031812,34.83,0.0008181216
ZEC,2026-05-04 17:00:00,4.53817e-05,0.004538,0.036305,39.75,0.0008630533
ZEC,2026-05-04 18:00:00,5.99267e-05,0.005993,0.047941,52.5,0.000979414
ZEC,2026-05-04 19:00:00,4.76948e-05,0.004769,0.038156,41.78,0.0008815588
ZEC,2026-05-04 20:00:00,6.73619e-05,0.006736,0.05389,59.01,0.001038895
ZEC,2026-05-04 21:00:00,7.54298e-05,0.007543,0.060344,66.08,0.0011034384
ZEC,2026-05-04 22:00:00,9.6205e-05,0.009621,0.076964,84.28,0.0012696398
ZEC,2026-05-04 23:00:00,7.43627e-05,0.007436,0.05949,65.14,0.0010949018
ZEC,2026-05-05 00:00:00,4.13917e-05,0.004139,0.033113,36.26,0.0008311337
ZEC,2026-05-05 01:00:00,1.62633e-05,0.001626,0.013011,14.25,0.0006301063
ZEC,2026-05-05 02:00:00,4.79433e-05,0.004794,0.038355,42.0,0.0008835461
ZEC,2026-05-05 03:00:00,5.30436e-05,0.005304,0.042435,46.47,0.0009243489
ZEC,2026-05-05 04:00:00,3.85524e-05,0.003855,0.030842,33.77,0.0008084189
ZEC,2026-05-05 05:00:00,4.72956e-05,0.00473,0.037836,41.43,0.000878365
ZEC,2026-05-05 06:00:00,3.74199e-05,0.003742,0.029936,32.78,0.0007993594
ZEC,2026-05-05 07:00:00,3.88453e-05,0.003885,0.031076,34.03,0.0008107624
ZEC,2026-05-05 08:00:00,3.99423e-05,0.003994,0.031954,34.99,0.0008195382
ZEC,2026-05-05 09:00:00,2.49448e-05,0.002494,0.019956,21.85,0.0006995588
ZEC,2026-05-05 10:00:00,1.64152e-05,0.001642,0.013132,14.38,0.0006313214
ZEC,2026-05-05 11:00:00,1.83825e-05,0.001838,0.014706,16.1,0.0006470604
ZEC,2026-05-05 12:00:00,2.79345e-05,0.002793,0.022348,24.47,0.0007234762
ZEC,2026-05-05 13:00:00,3.4555e-05,0.003455,0.027644,30.27,0.0007764401
ZEC,2026-05-05 14:00:00,1.25e-05,0.00125,0.01,10.95,0.0005468092
ZEC,2026-05-05 15:00:00,1.25e-05,0.00125,0.01,10.95,0.0002796022
ZEC,2026-05-05 16:00:00,1.25e-05,0.00125,0.01,10.95,0.0002865292
