hour,premium,signal,raw_ret,fund_pnl,net_ret,threshold
2026-02-09 16:00:00+00:00,0.0001,-1,-1.6274449127336148,0.00125,-1.6531949127336147,0.03
2026-02-09 17:00:00+00:00,0.0001,-1,0.5680219759954146,0.00125,0.5422719759954145,0.03
2026-02-09 18:00:00+00:00,0.0001,-1,-0.11386280763329731,0.00125,-0.1396128076332973,0.03
2026-02-09 19:00:00+00:00,0.0001,-1,0.4848148666217909,0.00125,0.45906486662179086,0.03
2026-02-09 20:00:00+00:00,0.0001,-1,0.11441648845455248,0.00125,0.08866648845455248,0.03
2026-02-09 21:00:00+00:00,0.0001,-1,-0.22870221517951897,0.00125,-0.254452215179519,0.03
2026-02-09 22:00:00+00:00,0.0001,-1,0.2859595886304309,0.00125,0.26020958863043087,0.03
2026-02-09 23:00:00+00:00,0.0001,-1,1.2680285175909176,0.00125,1.2422785175909177,0.03
2026-02-12 00:00:00+00:00,-0.00017032,1,0.4993401475469142,0.0021290000000000002,0.47446914754691416,0.03
2026-02-12 01:00:00+00:00,-0.00017032,1,1.5697996778316408,0.0021290000000000002,1.544928677831641,0.03
2026-02-12 02:00:00+00:00,-0.00017032,1,0.08649272558815493,0.0021290000000000002,0.061621725588154944,0.03
2026-02-12 03:00:00+00:00,-0.00017032,1,-1.5391620825613204,0.0021290000000000002,-1.5640330825613202,0.03
2026-02-12 04:00:00+00:00,-0.00017032,1,-0.029269720683132827,0.0021290000000000002,-0.05414072068313283,0.03
2026-02-12 05:00:00+00:00,-0.00017032,1,-0.14647724898146697,0.0021290000000000002,-0.17134824898146697,0.03
2026-02-12 06:00:00+00:00,-0.00017032,1,-0.08798944694393926,0.0021290000000000002,-0.11286044694393925,0.03
2026-02-12 07:00:00+00:00,-0.00017032,1,-1.4780050311720183,0.0021290000000000002,-1.5028760311720182,0.03
2026-02-12 08:00:00+00:00,-0.00022294,1,0.44569974241641136,0.00278675,0.42148649241641134,0.03
2026-02-12 09:00:00+00:00,-0.00022294,1,0.8854839439255373,0.00278675,0.8612706939255372,0.03
2026-02-12 10:00:00+00:00,-0.00022294,1,0.14682134483005657,0.00278675,0.12260809483005658,0.03
2026-02-12 11:00:00+00:00,-0.00022294,1,0.11730206623633478,0.00278675,0.09308881623633479,0.03
2026-02-12 12:00:00+00:00,-0.00022294,1,1.2234350095054305,0.00278675,1.1992217595054306,0.03
2026-02-12 13:00:00+00:00,-0.00022294,1,-2.759200574937404,0.00278675,-2.783413824937404,0.03
2026-02-12 14:00:00+00:00,-0.00022294,1,-0.5670810600493251,0.00278675,-0.5912943100493252,0.03
2026-02-12 15:00:00+00:00,-0.00022294,1,-3.1932164178374225,0.00278675,-3.217429667837423,0.03
2026-02-13 00:00:00+00:00,-0.00019734,1,0.9873576046360583,0.00246675,0.9628243546360582,0.03
2026-02-13 01:00:00+00:00,-0.00019734,1,0.3983458615065591,0.00246675,0.3738126115065591,0.03
2026-02-13 02:00:00+00:00,-0.00019734,1,0.03057636470848251,0.00246675,0.0060431147084825075,0.03
2026-02-13 03:00:00+00:00,-0.00019734,1,0.33572441116523305,0.00246675,0.31119116116523304,0.03
2026-02-13 04:00:00+00:00,-0.00019734,1,-0.21351235806839317,0.00246675,-0.23804560806839317,0.03
2026-02-13 05:00:00+00:00,-0.00019734,1,0.6088298867255355,0.00246675,0.5842966367255354,0.03
2026-02-13 06:00:00+00:00,-0.00019734,1,0.12132242919737836,0.00246675,0.09678917919737837,0.03
2026-02-13 07:00:00+00:00,-0.00019734,1,0.7248597126012941,0.00246675,0.700326462601294,0.03
2026-02-14 00:00:00+00:00,0.0001,-1,-0.17641874613874192,0.00125,-0.20216874613874192,0.03
2026-02-14 01:00:00+00:00,0.0001,-1,0.4121289318768705,0.00125,0.38637893187687045,0.03
2026-02-14 02:00:00+00:00,0.0001,-1,-0.2945510229756745,0.00125,-0.32030102297567453,0.03
2026-02-14 03:00:00+00:00,0.0001,-1,-0.05880623515544448,0.00125,-0.08455623515544448,0.03
2026-02-14 04:00:00+00:00,0.0001,-1,0.2059732963010616,0.00125,0.1802232963010616,0.03
2026-02-14 05:00:00+00:00,0.0001,-1,0.11788978671578845,0.00125,0.09213978671578846,0.03
2026-02-14 06:00:00+00:00,0.0001,-1,-0.3238630830168593,0.00125,-0.34961308301685934,0.03
2026-02-14 07:00:00+00:00,0.0001,-1,-2.2668799812712894,0.00125,-2.2926299812712894,0.03
2026-02-15 00:00:00+00:00,0.0001,-1,0.3574869749667324,0.00125,0.3317369749667323,0.03
2026-02-15 01:00:00+00:00,0.0001,-1,0.6079046076382115,0.00125,0.5821546076382115,0.03
2026-02-15 02:00:00+00:00,0.0001,-1,-0.3044142381228273,0.00125,-0.33016423812282736,0.03
2026-02-15 03:00:00+00:00,0.0001,-1,-0.4136225392374072,0.00125,-0.43937253923740727,0.03
2026-02-15 04:00:00+00:00,0.0001,-1,-0.384510223810564,0.00125,-0.41026022381056404,0.03
2026-02-15 05:00:00+00:00,0.0001,-1,0.9917436657346028,0.00125,0.9659936657346028,0.03
2026-02-15 06:00:00+00:00,0.0001,-1,-0.24885952287650323,0.00125,-0.27460952287650325,0.03
2026-02-15 07:00:00+00:00,0.0001,-1,1.250537347223643,0.00125,1.224787347223643,0.03
2026-02-21 00:00:00+00:00,0.0001,-1,-0.9747783606904172,0.00125,-1.0005283606904172,0.03
2026-02-21 01:00:00+00:00,0.0001,-1,-0.5122378872547185,0.00125,-0.5379878872547186,0.03
2026-02-21 02:00:00+00:00,0.0001,-1,0.19889195361700784,0.00125,0.17314195361700785,0.03
2026-02-21 03:00:00+00:00,0.0001,-1,-0.7649846060404328,0.00125,-0.7907346060404329,0.03
2026-02-21 04:00:00+00:00,0.0001,-1,0.05646527535683173,0.00125,0.030715275356831735,0.03
2026-02-21 05:00:00+00:00,0.0001,-1,0.16958737812305308,0.00125,0.14383737812305308,0.03
2026-02-21 06:00:00+00:00,0.0001,-1,-0.08482963890573288,0.00125,-0.11057963890573287,0.03
2026-02-21 07:00:00+00:00,0.0001,-1,-1.040358040837746,0.00125,-1.066108040837746,0.03
2026-02-25 16:00:00+00:00,0.0001,-1,-0.9896171807732569,0.00125,-1.015367180773257,0.03
2026-02-25 17:00:00+00:00,0.0001,-1,-1.1260828908118687,0.00125,-1.1518328908118687,0.03
2026-02-25 18:00:00+00:00,0.0001,-1,0.29254043291049886,0.00125,0.2667904329104988,0.03
2026-02-25 19:00:00+00:00,0.0001,-1,0.8827914123565499,0.00125,0.8570414123565498,0.03
2026-02-25 20:00:00+00:00,0.0001,-1,-1.29697156346459,0.00125,-1.32272156346459,0.03
2026-02-25 21:00:00+00:00,0.0001,-1,0.5852247865781837,0.00125,0.5594747865781836,0.03
2026-02-25 22:00:00+00:00,0.0001,-1,0.884309373633382,0.00125,0.858559373633382,0.03
2026-02-25 23:00:00+00:00,0.0001,-1,0.8921992269026222,0.00125,0.8664492269026222,0.03
2026-02-26 00:00:00+00:00,0.0001,-1,0.6242996927927745,0.00125,0.5985496927927745,0.03
2026-02-26 01:00:00+00:00,0.0001,-1,-1.2199827647119272,0.00125,-1.2457327647119272,0.03
2026-02-26 02:00:00+00:00,0.0001,-1,0.6454838697611762,0.00125,0.6197338697611762,0.03
2026-02-26 03:00:00+00:00,0.0001,-1,-0.9420000247446582,0.00125,-0.9677500247446582,0.03
2026-02-26 04:00:00+00:00,0.0001,-1,1.2663111484629892,0.00125,1.2405611484629893,0.03
2026-02-26 05:00:00+00:00,0.0001,-1,0.17506569433035468,0.00125,0.1493156943303547,0.03
2026-02-26 06:00:00+00:00,0.0001,-1,0.17537271186461148,0.00125,0.14962271186461149,0.03
2026-02-26 07:00:00+00:00,0.0001,-1,-0.9980122756723891,0.00125,-1.0237622756723892,0.03
2026-03-03 08:00:00+00:00,0.0001,-1,0.4991472336374754,0.00125,0.4733972336374753,0.03
2026-03-03 09:00:00+00:00,0.0001,-1,-0.1578947696457192,0.00125,-0.18364476964571919,0.03
2026-03-03 10:00:00+00:00,0.0001,-1,0.21058180985293323,0.00125,0.18483180985293324,0.03
2026-03-03 11:00:00+00:00,0.0001,-1,-0.7874056430906086,0.00125,-0.8131556430906086,0.03
2026-03-03 12:00:00+00:00,0.0001,-1,0.9720291954667473,0.00125,0.9462791954667472,0.03
2026-03-03 13:00:00+00:00,0.0001,-1,0.1849650415035955,0.00125,0.1592150415035955,0.03
2026-03-03 14:00:00+00:00,0.0001,-1,-1.626478667391113,0.00125,-1.6522286673911128,0.03
2026-03-03 15:00:00+00:00,0.0001,-1,-0.8292351222603516,0.00125,-0.8549851222603516,0.03
2026-03-07 08:00:00+00:00,0.0001,-1,-0.18322214260620592,0.00125,-0.20897214260620592,0.03
2026-03-07 09:00:00+00:00,0.0001,-1,0.10465725706710272,0.00125,0.07890725706710272,0.03
2026-03-07 10:00:00+00:00,0.0001,-1,0.10476690324436888,0.00125,0.07901690324436889,0.03
2026-03-07 11:00:00+00:00,0.0001,-1,0.23612761856798198,0.00125,0.21037761856798198,0.03
2026-03-07 12:00:00+00:00,0.0001,-1,-0.419397731391552,0.00125,-0.44514773139155206,0.03
2026-03-07 13:00:00+00:00,0.0001,-1,0.3406265575666102,0.00125,0.31487655756661015,0.03
2026-03-07 14:00:00+00:00,0.0001,-1,0.4471926431847718,0.00125,0.42144264318477176,0.03
2026-03-07 15:00:00+00:00,0.0001,-1,-0.1580611498726579,0.00125,-0.1838111498726579,0.03
2026-03-09 16:00:00+00:00,0.0001,-1,0.6654746852363139,0.00125,0.6397246852363139,0.03
2026-03-09 17:00:00+00:00,0.0001,-1,0.07707129475914402,0.00125,0.05132129475914403,0.03
2026-03-09 18:00:00+00:00,0.0001,-1,-0.8445347700700143,0.00125,-0.8702847700700144,0.03
2026-03-09 19:00:00+00:00,0.0001,-1,0.3062789530545767,0.00125,0.28052895305457665,0.03
2026-03-09 20:00:00+00:00,0.0001,-1,0.12789360996373797,0.00125,0.10214360996373797,0.03
2026-03-09 21:00:00+00:00,0.0001,-1,0.8998646658602933,0.00125,0.8741146658602933,0.03
2026-03-09 22:00:00+00:00,0.0001,-1,0.36222549307931373,0.00125,0.3364754930793137,0.03
2026-03-09 23:00:00+00:00,0.0001,-1,-1.0571195516922836,0.00125,-1.0828695516922835,0.03
2026-03-12 00:00:00+00:00,0.0001,-1,0.33466371819563834,0.00125,0.3089137181956383,0.03
2026-03-12 01:00:00+00:00,0.0001,-1,0.6207986828285439,0.00125,0.5950486828285438,0.03
2026-03-12 02:00:00+00:00,0.0001,-1,0.05190760562955422,0.00125,0.026157605629554218,0.03
2026-03-12 03:00:00+00:00,0.0001,-1,-0.05190760562955067,0.00125,-0.07765760562955067,0.03
2026-03-12 04:00:00+00:00,0.0001,-1,-0.0,0.00125,-0.02575,0.03
2026-03-12 05:00:00+00:00,0.0001,-1,-0.5175994992629435,0.00125,-0.5433494992629435,0.03
2026-03-12 06:00:00+00:00,0.0001,-1,-0.386449018880592,0.00125,-0.41219901888059207,0.03
2026-03-12 07:00:00+00:00,0.0001,-1,-0.2054971182961882,0.00125,-0.2312471182961882,0.03
2026-03-13 00:00:00+00:00,0.0001,-1,-0.8777485821223442,0.00125,-0.9034985821223442,0.03
2026-03-13 01:00:00+00:00,0.0001,-1,0.4504512121104541,0.00125,0.42470121211045403,0.03
2026-03-13 02:00:00+00:00,0.0001,-1,-1.2462773471585757,0.00125,-1.2720273471585757,0.03
2026-03-13 03:00:00+00:00,0.0001,-1,0.5215459481375708,0.00125,0.4957959481375708,0.03
2026-03-13 04:00:00+00:00,0.0001,-1,0.34921462278865134,0.00125,0.3234646227886513,0.03
2026-03-13 05:00:00+00:00,0.0001,-1,0.42569239193632585,0.00125,0.3999423919363258,0.03
2026-03-13 06:00:00+00:00,0.0001,-1,-0.1253918659593903,0.00125,-0.1511418659593903,0.03
2026-03-13 07:00:00+00:00,0.0001,-1,-0.3752349618550372,0.00125,-0.40098496185503724,0.03
2026-03-13 16:00:00+00:00,0.0001,-1,1.4753156693930431,0.00125,1.4495656693930432,0.03
2026-03-13 17:00:00+00:00,0.0001,-1,0.32254090733656277,0.00125,0.2967909073365627,0.03
2026-03-13 18:00:00+00:00,0.0001,-1,-0.07452490718790554,0.00125,-0.10027490718790553,0.03
2026-03-13 19:00:00+00:00,0.0001,-1,-0.2480160001486704,0.00125,-0.2737660001486704,0.03
2026-03-13 20:00:00+00:00,0.0001,-1,0.42199392398741636,0.00125,0.3962439239874163,0.03
2026-03-13 21:00:00+00:00,0.0001,-1,0.5237572766248298,0.00125,0.4980072766248298,0.03
2026-03-13 22:00:00+00:00,0.0001,-1,-0.050000001041681105,0.00125,-0.0757500010416811,0.03
2026-03-13 23:00:00+00:00,0.0001,-1,0.6016563649544474,0.00125,0.5759063649544474,0.03
2026-03-17 00:00:00+00:00,0.0001,-1,-0.12061272720161219,0.00125,-0.1463627272016122,0.03
2026-03-17 01:00:00+00:00,0.0001,-1,0.507553959683612,0.00125,0.481803959683612,0.03
2026-03-17 02:00:00+00:00,0.0001,-1,1.341647152222307,0.00125,1.315897152222307,0.03
2026-03-17 03:00:00+00:00,0.0001,-1,0.888017675685921,0.00125,0.862267675685921,0.03
2026-03-17 04:00:00+00:00,0.0001,-1,0.2729191620835693,0.00125,0.2471691620835693,0.03
2026-03-17 05:00:00+00:00,0.0001,-1,0.14917954034626876,0.00125,0.12342954034626877,0.03
2026-03-17 06:00:00+00:00,0.0001,-1,-0.12433173303740101,0.00125,-0.15008173303740102,0.03
2026-03-17 07:00:00+00:00,0.0001,-1,0.47328522771156134,0.00125,0.4475352277115613,0.03
2026-03-24 08:00:00+00:00,0.0001,-1,-0.1396063328795295,0.00125,-0.1653563328795295,0.03
2026-03-24 09:00:00+00:00,0.0001,-1,-0.13941170527860816,0.00125,-0.16516170527860816,0.03
2026-03-24 10:00:00+00:00,0.0001,-1,-0.02785903347171756,0.00125,-0.053609033471717554,0.03
2026-03-24 11:00:00+00:00,0.0001,-1,-0.027851274375845562,0.00125,-0.05360127437584556,0.03
2026-03-24 12:00:00+00:00,0.0001,-1,0.6986195802997177,0.00125,0.6728695802997177,0.03
2026-03-24 13:00:00+00:00,0.0001,-1,-0.08409250670746633,0.00125,-0.10984250670746633,0.03
2026-03-24 14:00:00+00:00,0.0001,-1,0.05605381312687747,0.00125,0.03030381312687747,0.03
2026-03-24 15:00:00+00:00,0.0001,-1,0.42140812468308775,0.00125,0.3956581246830877,0.03
2026-03-25 00:00:00+00:00,0.0001,-1,0.19441750326046198,0.00125,0.16866750326046198,0.03
2026-03-25 01:00:00+00:00,0.0001,-1,-0.08336807485774086,0.00125,-0.10911807485774086,0.03
2026-03-25 02:00:00+00:00,0.0001,-1,0.05557099337230437,0.00125,0.02982099337230437,0.03
2026-03-25 03:00:00+00:00,0.0001,-1,-0.6648223932880255,0.00125,-0.6905723932880256,0.03
2026-03-25 04:00:00+00:00,0.0001,-1,-0.22062888155377058,0.00125,-0.24637888155377058,0.03
2026-03-25 05:00:00+00:00,0.0001,-1,-0.2751033371890019,0.00125,-0.3008533371890019,0.03
2026-03-25 06:00:00+00:00,0.0001,-1,-0.05492996567669169,0.00125,-0.0806799656766917,0.03
2026-03-25 07:00:00+00:00,0.0001,-1,-1.2822437309122332,0.00125,-1.3079937309122331,0.03
2026-03-25 16:00:00+00:00,0.0001,-1,-0.02700148524573499,0.00125,-0.05275148524573499,0.03
2026-03-25 17:00:00+00:00,0.0001,-1,0.2162163004495237,0.00125,0.1904663004495237,0.03
2026-03-25 18:00:00+00:00,0.0001,-1,-0.2701974083730262,0.00125,-0.29594740837302624,0.03
2026-03-25 19:00:00+00:00,0.0001,-1,0.43266698107322793,0.00125,0.4069169810732279,0.03
2026-03-25 20:00:00+00:00,0.0001,-1,-0.10834237246124503,0.00125,-0.13409237246124503,0.03
2026-03-25 21:00:00+00:00,0.0001,-1,-0.7282567587437349,0.00125,-0.7540067587437349,0.03
2026-03-25 22:00:00+00:00,0.0001,-1,0.40393215013174305,0.00125,0.378182150131743,0.03
2026-03-25 23:00:00+00:00,0.0001,-1,0.32432460861197804,0.00125,0.298574608611978,0.03
2026-03-30 08:00:00+00:00,0.0001,-1,1.1046706301029177,0.00125,1.0789206301029177,0.03
2026-03-30 09:00:00+00:00,0.0001,-1,0.02848597085207883,0.00125,0.002735970852078832,0.03
2026-03-30 10:00:00+00:00,0.0001,-1,-0.483161377614063,0.00125,-0.508911377614063,0.03
2026-03-30 11:00:00+00:00,0.0001,-1,-0.08502196912904628,0.00125,-0.11077196912904627,0.03
2026-03-30 12:00:00+00:00,0.0001,-1,-0.1981039278138102,0.00125,-0.2238539278138102,0.03
2026-03-30 13:00:00+00:00,0.0001,-1,0.028276544794651134,0.00125,0.002526544794651135,0.03
2026-03-30 14:00:00+00:00,0.0001,-1,0.3399436701463915,0.00125,0.31419367014639143,0.03
2026-03-30 15:00:00+00:00,0.0001,-1,0.17040617585666898,0.00125,0.14465617585666898,0.03
2026-03-30 16:00:00+00:00,0.0001,-1,0.799091010103047,0.00125,0.7733410101030469,0.03
2026-03-30 17:00:00+00:00,0.0001,-1,0.43072571975803325,0.00125,0.4049757197580332,0.03
2026-03-30 18:00:00+00:00,0.0001,-1,0.0287811197842265,0.00125,0.003031119784226502,0.03
2026-03-30 19:00:00+00:00,0.0001,-1,0.14402998313006013,0.00125,0.11827998313006013,0.03
2026-03-30 20:00:00+00:00,0.0001,-1,-0.546213805912066,0.00125,-0.5719638059120661,0.03
2026-03-30 21:00:00+00:00,0.0001,-1,-0.028665615790391556,0.00125,-0.05441561579039156,0.03
2026-03-30 22:00:00+00:00,0.0001,-1,0.31577462725456806,0.00125,0.290024627254568,0.03
2026-03-30 23:00:00+00:00,0.0001,-1,-0.3444320282244434,0.00125,-0.37018202822444346,0.03
2026-03-31 00:00:00+00:00,0.0001,-1,-1.760908891558789,0.00125,-1.7866588915587889,0.03
2026-03-31 01:00:00+00:00,0.0001,-1,-0.22497197340155461,0.00125,-0.2507219734015546,0.03
2026-03-31 02:00:00+00:00,0.0001,-1,0.8179427917689713,0.00125,0.7921927917689713,0.03
2026-03-31 03:00:00+00:00,0.0001,-1,0.45415916836211806,0.00125,0.428409168362118,0.03
2026-03-31 04:00:00+00:00,0.0001,-1,-0.11373330768199683,0.00125,-0.13948330768199682,0.03
2026-03-31 05:00:00+00:00,0.0001,-1,0.028421202408174143,0.00125,0.0026712024081741448,0.03
2026-03-31 06:00:00+00:00,0.0001,-1,0.25615497142882876,0.00125,0.23040497142882874,0.03
2026-03-31 07:00:00+00:00,0.0001,-1,0.8586200431273048,0.00125,0.8328700431273047,0.03
2026-04-02 16:00:00+00:00,-0.00022294,1,-2.275698712261618,0.0037758749999999997,-2.298922837261618,0.03
2026-04-02 17:00:00+00:00,-0.00022294,1,0.0958619661203917,0.0037758749999999997,0.0726378411203917,0.03
2026-04-02 18:00:00+00:00,-0.00022294,1,-0.09586196612038657,0.0037758749999999997,-0.11908609112038657,0.03
2026-04-02 19:00:00+00:00,-0.00022294,1,0.1597189286990046,0.0037758749999999997,0.1364948036990046,0.03
2026-04-02 20:00:00+00:00,-0.00022294,1,-0.09580074179928275,0.0037758749999999997,-0.11902486679928274,0.03
2026-04-02 21:00:00+00:00,-0.00022294,1,1.112005104407764,0.0037758749999999997,1.088780979407764,0.03
2026-04-02 22:00:00+00:00,-0.00022294,1,0.18939399600707832,0.0037758749999999997,0.16616987100707833,0.03
2026-04-02 23:00:00+00:00,-0.00022294,1,0.031530821639134336,0.0037758749999999997,0.008306696639134335,0.03
2026-04-03 16:00:00+00:00,-0.0001351,1,-0.7875296647919049,0.0016887500000000001,-0.8128409147919049,0.03
2026-04-03 17:00:00+00:00,-0.0001351,1,-0.06327111884595098,0.0016887500000000001,-0.08858236884595097,0.03
2026-04-03 18:00:00+00:00,-0.0001351,1,-0.06331117653705115,0.0016887500000000001,-0.08862242653705114,0.03
2026-04-03 19:00:00+00:00,-0.0001351,1,0.44233879391512204,0.0016887500000000001,0.41702754391512203,0.03
2026-04-03 20:00:00+00:00,-0.0001351,1,-0.031530821639134274,0.0016887500000000001,-0.056842071639134274,0.03
2026-04-03 21:00:00+00:00,-0.0001351,1,-0.3791473736262136,0.0016887500000000001,-0.4044586236262136,0.03
2026-04-03 22:00:00+00:00,-0.0001351,1,0.31605588888356234,0.0016887500000000001,0.29074463888356233,0.03
2026-04-03 23:00:00+00:00,-0.0001351,1,-0.15790308033762096,0.0016887500000000001,-0.18321433033762097,0.03
2026-04-05 08:00:00+00:00,-0.00012783,1,0.3253093304764271,0.001597875,0.29990720547642713,0.03
2026-04-05 09:00:00+00:00,-0.00012783,1,-0.35789854373535857,0.001597875,-0.38330066873535856,0.03
2026-04-05 10:00:00+00:00,-0.00012783,1,0.29292128348949287,0.001597875,0.26751915848949287,0.03
2026-04-05 11:00:00+00:00,-0.00012783,1,-0.2603320702305615,0.001597875,-0.2857341952305615,0.03
2026-04-05 12:00:00+00:00,-0.00012783,1,0.42269612603249573,0.001597875,0.39729400103249574,0.03
2026-04-05 13:00:00+00:00,-0.00012783,1,-0.03245172833930668,0.001597875,-0.05785385333930668,0.03
2026-04-05 14:00:00+00:00,-0.00012783,1,0.4533686522028721,0.001597875,0.4279665272028721,0.03
2026-04-05 15:00:00+00:00,-0.00012783,1,-0.48583091510764054,0.001597875,-0.5112330401076405,0.03
2026-04-08 00:00:00+00:00,0.0001,-1,-0.2168190411113076,0.00125,-0.2425690411113076,0.03
2026-04-08 01:00:00+00:00,0.0001,-1,0.5273782969266325,0.00125,0.5016282969266325,0.03
2026-04-08 02:00:00+00:00,0.0001,-1,0.24914369785648385,0.00125,0.22339369785648386,0.03
2026-04-08 03:00:00+00:00,0.0001,-1,-0.5597029536718033,0.00125,-0.5854529536718034,0.03
2026-04-08 04:00:00+00:00,0.0001,-1,-0.15491869868293187,0.00125,-0.18066869868293187,0.03
2026-04-08 05:00:00+00:00,0.0001,-1,0.0929224164740456,0.00125,0.06717241647404561,0.03
2026-04-08 06:00:00+00:00,0.0001,-1,-0.6794343617138549,0.00125,-0.7051843617138549,0.03
2026-04-08 07:00:00+00:00,0.0001,-1,-0.15377521098827904,0.00125,-0.17952521098827903,0.03
2026-04-09 16:00:00+00:00,-0.00015292,1,0.7655539781328058,0.0019115,0.7404654781328057,0.03
2026-04-09 17:00:00+00:00,-0.00015292,1,-0.5416613530207919,0.0019115,-0.566749853020792,0.03
2026-04-09 18:00:00+00:00,-0.00015292,1,0.38265352813676595,0.0019115,0.35756502813676594,0.03
2026-04-09 19:00:00+00:00,-0.00015292,1,0.0,0.0019115,-0.0250885,0.03
2026-04-09 20:00:00+00:00,-0.00015292,1,0.19077907217274193,0.0019115,0.16569057217274194,0.03
2026-04-09 21:00:00+00:00,-0.00015292,1,0.03176115637308657,0.0019115,0.006672656373086571,0.03
2026-04-09 22:00:00+00:00,-0.00015292,1,-1.407122673344557,0.0019115,-1.4322111733445568,0.03
2026-04-09 23:00:00+00:00,-0.00015292,1,0.0,0.0019115,-0.0250885,0.03
2026-04-10 00:00:00+00:00,0.0001,-1,-0.03220093410531963,0.00125,-0.057950934105319624,0.03
2026-04-10 01:00:00+00:00,0.0001,-1,-0.22511667329758286,0.00125,-0.2508666732975829,0.03
2026-04-10 02:00:00+00:00,0.0001,-1,0.25731760740289866,0.00125,0.23156760740289864,0.03
2026-04-10 03:00:00+00:00,0.0001,-1,-0.9615458699441973,0.00125,-0.9872958699441974,0.03
2026-04-10 04:00:00+00:00,0.0001,-1,-0.25485837305465564,0.00125,-0.2806083730546557,0.03
2026-04-10 05:00:00+00:00,0.0001,-1,1.0555031624287752,0.00125,1.0297531624287752,0.03
2026-04-10 06:00:00+00:00,0.0001,-1,-0.0,0.00125,-0.02575,0.03
2026-04-10 07:00:00+00:00,0.0001,-1,0.3865984196465906,0.00125,0.36084841964659053,0.03
2026-04-12 08:00:00+00:00,-0.00022294,1,-0.16390759283409628,0.0028385,-0.18806909283409629,0.03
2026-04-12 09:00:00+00:00,-0.00022294,1,-0.2957123889743815,0.0028385,-0.3198738889743815,0.03
2026-04-12 10:00:00+00:00,-0.00022294,1,0.2300740538314007,0.0028385,0.2059125538314007,0.03
2026-04-12 11:00:00+00:00,-0.00022294,1,-0.361782996150838,0.0028385,-0.385944496150838,0.03
2026-04-12 12:00:00+00:00,-0.00022294,1,-0.29698091452975584,0.0028385,-0.32114241452975584,0.03
2026-04-12 13:00:00+00:00,-0.00022294,1,-0.23159646414623725,0.0028385,-0.25575796414623725,0.03
2026-04-12 14:00:00+00:00,-0.00022294,1,0.26463793148797415,0.0028385,0.24047643148797418,0.03
2026-04-12 15:00:00+00:00,-0.00022294,1,0.13205680360844577,0.0028385,0.10789530360844576,0.03
2026-04-14 00:00:00+00:00,0.0001,-1,-0.09370608213400425,0.00125,-0.11945608213400424,0.03
2026-04-14 01:00:00+00:00,0.0001,-1,0.15622562152585198,0.00125,0.130475621525852,0.03
2026-04-14 02:00:00+00:00,0.0001,-1,-0.0,0.00125,-0.02575,0.03
2026-04-14 03:00:00+00:00,0.0001,-1,0.5330001644755397,0.00125,0.5072501644755396,0.03
2026-04-14 04:00:00+00:00,0.0001,-1,0.47266513081867373,0.00125,0.4469151308186737,0.03
2026-04-14 05:00:00+00:00,0.0001,-1,-0.34683938285587174,0.00125,-0.3725893828558718,0.03
2026-04-14 06:00:00+00:00,0.0001,-1,0.09447331831618586,0.00125,0.06872331831618586,0.03
2026-04-14 07:00:00+00:00,0.0001,-1,-0.28315261957383603,0.00125,-0.3089026195738361,0.03
2026-04-14 08:00:00+00:00,0.0001,-1,-0.3136765432689322,0.00125,-0.33942654326893223,0.03
2026-04-14 09:00:00+00:00,0.0001,-1,0.40797169405594996,0.00125,0.3822216940559499,0.03
2026-04-14 10:00:00+00:00,0.0001,-1,0.09438415047064241,0.00125,0.06863415047064242,0.03
2026-04-14 11:00:00+00:00,0.0001,-1,0.28368813351996147,0.00125,0.2579381335199614,0.03
2026-04-14 12:00:00+00:00,0.0001,-1,-1.0675140622343384,0.00125,-1.0932640622343384,0.03
2026-04-14 13:00:00+00:00,0.0001,-1,0.53233255503962,0.00125,0.5065825550396199,0.03
2026-04-14 14:00:00+00:00,0.0001,-1,0.8830079448272037,0.00125,0.8572579448272036,0.03
2026-04-14 15:00:00+00:00,0.0001,-1,0.6993035490970637,0.00125,0.6735535490970637,0.03
2026-04-14 16:00:00+00:00,0.0001,-1,-0.44557680340035705,0.00125,-0.4713268034003571,0.03
2026-04-14 17:00:00+00:00,0.0001,-1,1.4393339797915221,0.00125,1.4135839797915222,0.03
2026-04-14 18:00:00+00:00,0.0001,-1,-0.3537549918444247,0.00125,-0.37950499184442477,0.03
2026-04-14 19:00:00+00:00,0.0001,-1,0.1284934323916488,0.00125,0.10274343239164879,0.03
2026-04-14 20:00:00+00:00,0.0001,-1,-0.35296041777402787,0.00125,-0.3787104177740279,0.03
2026-04-14 21:00:00+00:00,0.0001,-1,0.16028213080402617,0.00125,0.13453213080402618,0.03
2026-04-14 22:00:00+00:00,0.0001,-1,-0.35228218978645653,0.00125,-0.3780321897864566,0.03
2026-04-14 23:00:00+00:00,0.0001,-1,-0.4465717150364761,0.00125,-0.47232171503647613,0.03
2026-04-15 08:00:00+00:00,0.0001,-1,0.19047624806540586,0.00125,0.16472624806540587,0.03
2026-04-15 09:00:00+00:00,0.0001,-1,0.03178134461836844,0.00125,0.006031344618368444,0.03
2026-04-15 10:00:00+00:00,0.0001,-1,-1.0120263478438274,0.00125,-1.0377763478438273,0.03
2026-04-15 11:00:00+00:00,0.0001,-1,-0.12578618010709292,0.00125,-0.1515361801070929,0.03
2026-04-15 12:00:00+00:00,0.0001,-1,-0.0,0.00125,-0.02575,0.03
2026-04-15 13:00:00+00:00,0.0001,-1,-0.9695150218126241,0.00125,-0.9952650218126241,0.03
2026-04-15 14:00:00+00:00,0.0001,-1,0.7184163336968253,0.00125,0.6926663336968253,0.03
2026-04-15 15:00:00+00:00,0.0001,-1,-0.7495350518567635,0.00125,-0.7752850518567636,0.03
2026-04-16 00:00:00+00:00,0.0001,-1,0.15554521723740672,0.00125,0.12979521723740672,0.03
2026-04-16 01:00:00+00:00,0.0001,-1,-0.4349183618501896,0.00125,-0.46066836185018967,0.03
2026-04-16 02:00:00+00:00,0.0001,-1,-0.2476781451897984,0.00125,-0.2734281451897984,0.03
2026-04-16 03:00:00+00:00,0.0001,-1,-0.43196611445163796,0.00125,-0.457716114451638,0.03
2026-04-16 04:00:00+00:00,0.0001,-1,0.03079291787227345,0.00125,0.005042917872273452,0.03
2026-04-16 05:00:00+00:00,0.0001,-1,-0.30750331733876124,0.00125,-0.3332533173387613,0.03
2026-04-16 06:00:00+00:00,0.0001,-1,-0.15339779047257251,0.00125,-0.1791477904725725,0.03
2026-04-16 07:00:00+00:00,0.0001,-1,-0.0612932903038429,0.00125,-0.0870432903038429,0.03
2026-04-17 00:00:00+00:00,0.0001,-1,0.793072154989758,0.00125,0.767322154989758,0.03
2026-04-17 01:00:00+00:00,0.0001,-1,0.5322307063988317,0.00125,0.5064807063988317,0.03
2026-04-17 02:00:00+00:00,0.0001,-1,0.4754838081615357,0.00125,0.44973380816153563,0.03
2026-04-17 03:00:00+00:00,0.0001,-1,0.029792939293817766,0.00125,0.004042939293817768,0.03
2026-04-17 04:00:00+00:00,0.0001,-1,0.8979407834223747,0.00125,0.8721907834223747,0.03
2026-04-17 05:00:00+00:00,0.0001,-1,-1.2251759408201388,0.00125,-1.2509259408201387,0.03
2026-04-17 06:00:00+00:00,0.0001,-1,-0.9164883070802982,0.00125,-0.9422383070802982,0.03
2026-04-17 07:00:00+00:00,0.0001,-1,-0.995615837597541,0.00125,-1.021365837597541,0.03
2026-04-22 08:00:00+00:00,0.0001,-1,0.20627677860878452,0.00125,0.18052677860878452,0.03
2026-04-22 09:00:00+00:00,0.0001,-1,0.17714796483821157,0.00125,0.15139796483821158,0.03
2026-04-22 10:00:00+00:00,0.0001,-1,-0.029546462026153977,0.00125,-0.05529646202615397,0.03
2026-04-22 11:00:00+00:00,0.0001,-1,0.11823826384893693,0.00125,0.09248826384893694,0.03
2026-04-22 12:00:00+00:00,0.0001,-1,-0.766061495308063,0.00125,-0.791811495308063,0.03
2026-04-22 13:00:00+00:00,0.0001,-1,-0.2930834454325136,0.00125,-0.31883344543251363,0.03
2026-04-22 14:00:00+00:00,0.0001,-1,0.29308344543251674,0.00125,0.2673334454325167,0.03
2026-04-22 15:00:00+00:00,0.0001,-1,0.3233870229728687,0.00125,0.29763702297286865,0.03
2026-04-24 00:00:00+00:00,0.0001,-1,0.9759150343286939,0.00125,0.9501650343286938,0.03
2026-04-24 01:00:00+00:00,0.0001,-1,0.5223548518784112,0.00125,0.4966048518784112,0.03
2026-04-24 02:00:00+00:00,0.0001,-1,0.21588289032072144,0.00125,0.19013289032072145,0.03
2026-04-24 03:00:00+00:00,0.0001,-1,0.12357122363283246,0.00125,0.09782122363283247,0.03
2026-04-24 04:00:00+00:00,0.0001,-1,-0.6470520187429994,0.00125,-0.6728020187429995,0.03
2026-04-24 05:00:00+00:00,0.0001,-1,0.15368068185255954,0.00125,0.12793068185255954,0.03
2026-04-24 06:00:00+00:00,0.0001,-1,0.09232190223366948,0.00125,0.06657190223366949,0.03
2026-04-24 07:00:00+00:00,0.0001,-1,-0.0923219022336569,0.00125,-0.11807190223365689,0.03
2026-04-26 08:00:00+00:00,0.0001,-1,-0.2436796819571214,0.00125,-0.2694296819571214,0.03
2026-04-26 09:00:00+00:00,0.0001,-1,-0.030418251185108405,0.00125,-0.0561682511851084,0.03
2026-04-26 10:00:00+00:00,0.0001,-1,-0.0,0.00125,-0.02575,0.03
2026-04-26 11:00:00+00:00,0.0001,-1,0.6713482645660077,0.00125,0.6455982645660077,0.03
2026-04-26 12:00:00+00:00,0.0001,-1,0.15320977410912656,0.00125,0.12745977410912657,0.03
2026-04-26 13:00:00+00:00,0.0001,-1,-0.3978582141760943,0.00125,-0.42360821417609434,0.03
2026-04-26 14:00:00+00:00,0.0001,-1,-0.06106870418797265,0.00125,-0.08681870418797265,0.03
2026-04-26 15:00:00+00:00,0.0001,-1,0.24449889930665317,0.00125,0.21874889930665317,0.03
2026-04-28 16:00:00+00:00,0.0001,-1,-0.0,0.00125,-0.02575,0.03
2026-04-28 17:00:00+00:00,0.0001,-1,-0.7707761297932668,0.00125,-0.7965261297932669,0.03
2026-04-28 18:00:00+00:00,0.0001,-1,-0.42905367688681256,0.00125,-0.4548036768868126,0.03
2026-04-28 19:00:00+00:00,0.0001,-1,0.2756088101979858,0.00125,0.24985881019798575,0.03
2026-04-28 20:00:00+00:00,0.0001,-1,0.06134969517576143,0.00125,0.035599695175761434,0.03
2026-04-28 21:00:00+00:00,0.0001,-1,0.30731431684612126,0.00125,0.2815643168461212,0.03
2026-04-28 22:00:00+00:00,0.0001,-1,0.24653325275529,0.00125,0.22078325275529,0.03
2026-04-28 23:00:00+00:00,0.0001,-1,0.06172839702181641,0.00125,0.035978397021816405,0.03
2026-04-29 00:00:00+00:00,0.0001,-1,-0.030868961504595612,0.00125,-0.05661896150459561,0.03
2026-04-29 01:00:00+00:00,0.0001,-1,0.09263548601307883,0.00125,0.06688548601307884,0.03
2026-04-29 02:00:00+00:00,0.0001,-1,-1.0448773612139435,0.00125,-1.0706273612139434,0.03
2026-04-29 03:00:00+00:00,0.0001,-1,-0.6095721404956129,0.00125,-0.635322140495613,0.03
2026-04-29 04:00:00+00:00,0.0001,-1,-0.21247541762043023,0.00125,-0.23822541762043023,0.03
2026-04-29 05:00:00+00:00,0.0001,-1,0.45585856179515255,0.00125,0.4301085617951525,0.03
2026-04-29 06:00:00+00:00,0.0001,-1,-0.1825928687464442,0.00125,-0.2083428687464442,0.03
2026-04-29 07:00:00+00:00,0.0001,-1,0.609943946484637,0.00125,0.584193946484637,0.03
2026-04-29 08:00:00+00:00,0.0001,-1,-1.3973495895752215,0.00125,-1.4230995895752214,0.03
2026-04-29 09:00:00+00:00,0.0001,-1,0.18115946983506026,0.00125,0.15540946983506027,0.03
2026-04-29 10:00:00+00:00,0.0001,-1,0.3633064849881094,0.00125,0.33755648498810936,0.03
2026-04-29 11:00:00+00:00,0.0001,-1,1.0059526987733567,0.00125,0.9802026987733566,0.03
2026-04-29 12:00:00+00:00,0.0001,-1,0.7688796912668359,0.00125,0.7431296912668358,0.03
2026-04-29 13:00:00+00:00,0.0001,-1,0.37117271193674833,0.00125,0.3454227119367483,0.03
2026-04-29 14:00:00+00:00,0.0001,-1,1.3728764769869026,0.00125,1.3471264769869027,0.03
2026-04-29 15:00:00+00:00,0.0001,-1,0.09429515078702361,0.00125,0.06854515078702361,0.03
2026-05-02 16:00:00+00:00,0.0001,-1,0.27722180082839226,0.00125,0.2514718008283922,0.03
2026-05-02 17:00:00+00:00,0.0001,-1,-0.15410698072245224,0.00125,-0.17985698072245224,0.03
2026-05-02 18:00:00+00:00,0.0001,-1,-0.21535156761372515,0.00125,-0.24110156761372514,0.03
2026-05-02 19:00:00+00:00,0.0001,-1,0.09223674750777618,0.00125,0.06648674750777618,0.03
2026-05-02 20:00:00+00:00,0.0001,-1,-0.3684376289415198,0.00125,-0.3941876289415199,0.03
2026-05-02 21:00:00+00:00,0.0001,-1,-0.18371101308901291,0.00125,-0.2094610130890129,0.03
2026-05-02 22:00:00+00:00,0.0001,-1,0.4291852081541032,0.00125,0.40343520815410316,0.03
2026-05-02 23:00:00+00:00,0.0001,-1,0.33851394073660324,0.00125,0.3127639407366032,0.03
2026-05-03 00:00:00+00:00,0.0001,-1,0.7736383936495439,0.00125,0.7478883936495438,0.03
2026-05-03 01:00:00+00:00,0.0001,-1,0.2176956232155814,0.00125,0.1919456232155814,0.03
2026-05-03 02:00:00+00:00,0.0001,-1,-0.031128404920605778,0.00125,-0.05687840492060578,0.03
2026-05-03 03:00:00+00:00,0.0001,-1,0.1245718006001622,0.00125,0.09882180060016219,0.03
2026-05-03 04:00:00+00:00,0.0001,-1,-0.12457180060015724,0.00125,-0.15032180060015723,0.03
2026-05-03 05:00:00+00:00,0.0001,-1,-0.03111871815993612,0.00125,-0.05686871815993612,0.03
2026-05-03 06:00:00+00:00,0.0001,-1,-0.3106557329061065,0.00125,-0.33640573290610654,0.03
2026-05-03 07:00:00+00:00,0.0001,-1,0.06205398895992555,0.00125,0.03630398895992555,0.03
2026-05-03 16:00:00+00:00,0.0001,-1,-0.06169031657705618,0.00125,-0.08744031657705618,0.03
2026-05-03 17:00:00+00:00,0.0001,-1,0.15429720697375268,0.00125,0.1285472069737527,0.03
2026-05-03 18:00:00+00:00,0.0001,-1,-0.12345680580409908,0.00125,-0.1492068058040991,0.03
2026-05-03 19:00:00+00:00,0.0001,-1,-0.15410698072245224,0.00125,-0.17985698072245224,0.03
2026-05-03 20:00:00+00:00,0.0001,-1,0.3084518176601566,0.00125,0.28270181766015656,0.03
2026-05-03 21:00:00+00:00,0.0001,-1,-0.7693529254714874,0.00125,-0.7951029254714874,0.03
2026-05-03 22:00:00+00:00,0.0001,-1,0.9239363539973113,0.00125,0.8981863539973113,0.03
2026-05-03 23:00:00+00:00,0.0001,-1,-0.15458342852583265,0.00125,-0.18033342852583265,0.03
2026-05-04 00:00:00+00:00,0.0001,-1,-1.5024044670969072,0.00125,-1.5281544670969072,0.03
2026-05-04 01:00:00+00:00,0.0001,-1,-1.0895991576026833,0.00125,-1.1153491576026833,0.03
2026-05-04 02:00:00+00:00,0.0001,-1,-0.7497411038086296,0.00125,-0.7754911038086296,0.03
2026-05-04 03:00:00+00:00,0.0001,-1,-2.856916433629491,0.00125,-2.882666433629491,0.03
2026-05-04 04:00:00+00:00,0.0001,-1,0.5532114851295765,0.00125,0.5274614851295765,0.03
2026-05-04 05:00:00+00:00,0.0001,-1,1.0271550321829686,0.00125,1.0014050321829686,0.03
2026-05-04 06:00:00+00:00,0.0001,-1,0.47309372685823337,0.00125,0.4473437268582333,0.03
2026-05-04 07:00:00+00:00,0.0001,-1,-0.08887572796540845,0.00125,-0.11462572796540844,0.03
2026-05-04 08:00:00+00:00,0.0001,-1,-0.8844397275398952,0.00125,-0.9101897275398952,0.03
2026-05-04 09:00:00+00:00,0.0001,-1,3.5856843996747143,0.00125,3.5599343996747144,0.03
2026-05-04 10:00:00+00:00,0.0001,-1,0.3046924965404704,0.00125,0.2789424965404704,0.03
2026-05-04 11:00:00+00:00,0.0001,-1,-0.09150526793748065,0.00125,-0.11725526793748065,0.03
2026-05-04 12:00:00+00:00,0.0001,-1,0.30534374868902314,0.00125,0.2795937486890231,0.03
2026-05-04 13:00:00+00:00,0.0001,-1,-1.848257430238046,0.00125,-1.8740074302380458,0.03
2026-05-04 14:00:00+00:00,0.0001,-1,1.0562947164317327,0.00125,1.0305447164317327,0.03
2026-05-04 15:00:00+00:00,0.0001,-1,0.060698029177665744,0.00125,0.03494802917766575,0.03
2026-05-05 08:00:00+00:00,0.0001,-1,0.26942090836915,0.00125,0.24367090836914998,0.03
2026-05-05 09:00:00+00:00,0.0001,-1,-0.5679285927144866,0.00125,-0.5936785927144866,0.03
2026-05-05 10:00:00+00:00,0.0001,-1,-0.14892035514676114,0.00125,-0.17467035514676113,0.03
2026-05-05 11:00:00+00:00,0.0001,-1,-0.23781224049674193,0.00125,-0.26356224049674193,0.03
2026-05-05 12:00:00+00:00,0.0001,-1,-0.2668645023350278,0.00125,-0.29261450233502784,0.03
2026-05-05 13:00:00+00:00,0.0001,-1,0.5344430773274914,0.00125,0.5086930773274914,0.03
2026-05-05 14:00:00+00:00,0.0001,-1,-0.20817851384586286,0.00125,-0.23392851384586286,0.03
2026-05-05 15:00:00+00:00,0.0001,-1,0.5361943141385399,0.00125,0.5104443141385399,0.03
2026-05-05 16:00:00+00:00,0.0001,-1,-0.14923148568627723,0.00125,-0.17498148568627722,0.03
2026-05-05 17:00:00+00:00,0.0001,-1,-0.1192250513806406,0.00125,-0.1449750513806406,0.03
2026-05-05 18:00:00+00:00,0.0001,-1,-0.2083024112803652,0.00125,-0.2340524112803652,0.03
2026-05-05 19:00:00+00:00,0.0001,-1,-0.6813831724933157,0.00125,-0.7071331724933158,0.03
2026-05-05 20:00:00+00:00,0.0001,-1,0.266075545002629,0.00125,0.24032554500262895,0.03
2026-05-05 21:00:00+00:00,0.0001,-1,0.6534029780648605,0.00125,0.6276529780648604,0.03
2026-05-05 22:00:00+00:00,0.0001,-1,-0.0,0.00125,-0.02575,0.03
2026-05-05 23:00:00+00:00,0.0001,-1,-0.059577005038938834,0.00125,-0.08532700503893884,0.03
2026-05-06 00:00:00+00:00,0.0001,-1,-0.800834770888906,0.00125,-0.826584770888906,0.03
2026-05-06 01:00:00+00:00,0.0001,-1,0.47379419398223593,0.00125,0.4480441939822359,0.03
2026-05-06 02:00:00+00:00,0.0001,-1,-0.6803753505240756,0.00125,-0.7061253505240757,0.03
2026-05-06 03:00:00+00:00,0.0001,-1,0.3839910197503719,0.00125,0.35824101975037187,0.03
2026-05-06 04:00:00+00:00,0.0001,-1,-0.5312881446293876,0.00125,-0.5570381446293876,0.03
2026-05-06 05:00:00+00:00,0.0001,-1,0.08835223664121426,0.00125,0.06260223664121427,0.03
2026-05-06 06:00:00+00:00,0.0001,-1,-0.11778564377056651,0.00125,-0.14353564377056652,0.03
2026-05-06 07:00:00+00:00,0.0001,-1,-2.0967570709027523,0.00125,-2.1225070709027523,0.03
